A.US,Agilent Technologies Inc
AA.US,Alcoa Corp
AAL.US,American Airlines Group Inc
AAN.US,Aaron's Inc
AAP.US,Advance Auto Parts Inc
AAPL.US,Apple Inc
ABBV.US,AbbVie Inc
ABC.US,AmerisourceBergen Corp - class A
ABCL.US,Abcellera Biologics Inc
ABEO.US,Abeona Therapeutics Inc
ABEV.US,Ambev SA - ADR
ABMD.US,ABIOMED Inc
ABNB.US,Airbnb Inc - class A
ABT.US,Abbott Laboratories
ABUS.US,Arbutus Biopharma Corp
ACB.US,Aurora Cannabis Inc
ACC.US,American Campus Communities Inc
ACCD.US,Accolade Inc
ACCO.US,ACCO Brands Corp
ACI.US,Albertsons Companies Inc - class A
ACM.US,AECOM
ACMR.US,ACM Research Inc - class A
ACN.US,Accenture PLC - class A
ACRS.US,Aclaris Therapeutics Inc
ACTC.US,ArcLight Clean Transition Corp - class A
ADBE.US,Adobe Systems Inc
ADI.US,Analog Devices Inc
ADIL.US,Adial Pharmaceuticals Inc
ADM.US,Archer-Daniels-Midland Co
ADNT.US,Adient PLC
ADP.US,Automatic Data Processing Inc
ADS.US,Alliance Data Systems Corp
ADSK.US,Autodesk Inc
ADTN.US,ADTRAN Inc
AEE.US,Ameren Corp
AEM.US,Agnico Eagle Mines Ltd
AEO.US,American Eagle Outfitters Inc
AEP.US,American Electric Power Co Inc
AER.US,AerCap Holdings NV
AES.US,AES Corp/VA
AEVA.US,Aeva Technologies Inc
AFG.US,American Financial Group Inc
AFIB.US,Actus Medical Inc
AFL.US,Aflac Inc
AFRM.US,Affirm Holdings Inc - class A
AG.US,First Majestic Silver Corp
AGCO.US,AGCO Corp
AGEN.US,Agenus Inc
AGFS.US,AgroFresh Solutions Inc
AGI.US,Alamos Gold Inc - class A
AGIO.US,Agios Pharmaceuticals Inc
AGNC.US,AGNC Investment Corp
AGRO.US,Adecoagro SA
AHT.US,Ashford Hospitality Trust Inc
AI.US,C3Ai Inc - class A
AIG.US,American International Group Inc
AIMC.US,Altra Industrial Motion Corp
AIV.US,Apartment Investment & Management Co
AIZ.US,Assurant Inc
AJG.US,Arthur J Gallagher & Co
AKAM.US,Akamai Technologies Inc
AKTS.US,Akoustis Technologies Inc
AL.US,Air Lease Corp - class A
ALB.US,Albemarle Corp
ALGN.US,Align Technology Inc
ALK.US,Alaska Air Group Inc
ALKS.US,Alkermes PLC
ALL.US,Allstate Corp
ALLE.US,Allegion PLC
ALNY.US,Alnylam Pharmaceuticals Inc
ALT.US,Altimmune Inc
ALTO.US,Alto Ingredients Inc
ALTR.US,Altair Engineering Inc - class A
AM.US,Antero Midstream Corp
AMAT.US,Applied Materials Inc
AMBA.US,Ambarella Inc
AMC.US,AMC Entertainment Holdings Inc - class A
AMCX.US,AMC Networks Inc
AMD.US,Advanced Micro Devices Inc
AME.US,AMETEK Inc
AMG.US,Affiliated Managers Group Inc
AMGN.US,Amgen Inc
AMP.US,Ameriprise Financial Inc
AMRN.US,Amarin Corp PLC - ADR
AMRS.US,Amyris Inc
AMT.US,American Tower Corp
AMWL.US,American Well Corp - class A
AMX.US,America Movil S.A.B. de C.V. - ADR
AMZN.US,Amazon.com Inc
AN.US,AutoNation Inc
ANET.US,Arista Networks Inc
ANF.US,Abercrombie & Fitch Co
ANSS.US,ANSYS Inc
ANTM.US,Anthem Inc
AON.US,Aon PLC
AOS.US,AO Smith Corp
APA.US,Apache Corp
APAM.US,Artisan Partners Asset Management Inc - class A
APD.US,Air Products & Chemicals Inc
APH.US,Amphenol Corp - class A
API.US,Agora Inc - ADR
APLE.US,Apple Hospitality REIT Inc
APLS.US,Apellis Pharmaceuticals Inc
APPF.US,Appfolio Inc - class A
APPH.US,AppHarvest Inc
APPN.US,Appian Corp - class A
APPS.US,Digital Turbine Inc
APRN.US,Blue Apron Holdings Inc - class A
APT.US,Alpha Pro Tech Ltd
APTV.US,Aptiv PLC
AQB.US,AquaBounty Technologies Inc
AQMS.US,Aqua Metals Inc
AR.US,Antero Resources Corp
ARCC.US,Ares Capital Corp
ARCO.US,Arcos Dorados Holdings Inc - class A
ARCT.US,Arcturus Therapeutics Holdings Inc
ARE.US,Alexandria Real Estate Equities Inc
ARNA.US,Arena Pharmaceuticals Inc
ARNC1.US,Arconic Corp
ARNC.US,Arconic Inc
ARR.US,ARMOUR Residential REIT Inc
ARRY.US,Array Technologies Inc
ARVL.US,Arrival SA
ARVN.US,Arvinas Inc
ARW.US,Arrow Electronics Inc
ASAN.US,Asana Inc - class A
ASH.US,Ashland Global Holdings Inc
ASM.US,Avino Silver & Gold Mines Ltd
ASMB.US,Assembly Biosciences Inc
ASO.US,Academy Sports & Outdoors Inc
ASTR.US,Astra Space Inc - class A
ASTS.US,AST SpaceMobile Inc - class A
ATER.US,Aterian Inc
ATHM.US,Autohome Inc - ADR
ATNX.US,Athenex Inc
ATO.US,Atmos Energy Corp
ATOS.US,Atossa Therapeutics Inc
ATR.US,AptarGroup Inc
ATVI.US,Activision Blizzard Inc
AU.US,AngloGold Ashanti Ltd - ADR
AUUD.US,Auddia Inc
AUY.US,Yamana Gold Inc
AVB.US,AvalonBay Communities Inc
AVGO.US,Broadcom Ltd
AVLR.US,Avalara Inc
AVT.US,Avnet Inc
AVXL.US,Anavex Life Sciences Corp
AVY.US,Avery Dennison Corp
AWK.US,American Water Works Co Inc
AX.US,Axos Financial Inc
AXON.US,Axon Enterprise Inc
AXP.US,American Express Co
AXSM.US,Axsome Therapeutics Inc
AY.US,Atlantica Sustainable Infrastructure PLC
AYI.US,Acuity Brands Inc
AYRO.US,AYRO Inc
AYX.US,Alteryx Inc - class A
AZN.US,AstraZeneca PLC - ADR
AZO.US,AutoZone Inc
BA.US,Boeing Co
BABA.US,Alibaba - ADR
BAC.US,Bank of America Corp
BAM.US,Brookfield Asset Management Inc
BAND.US,Bandwidth Inc - class A
BAP.US,Credicorp Ltd
BAX.US,Baxter International Inc
BB.US,BlackBerry Ltd
BBBY.US,Bed Bath & Beyond Inc
BBD.US,Banco Bradesco S.A.
BBDC.US,Barings BDC Inc
BBY.US,Best Buy Co Inc
BC.US,Brunswick Corp
BCC.US,Boise Cascade Co
BCRX.US,BioCryst Pharmaceuticals Inc
BDX.US,Becton Dickinson and Co
BE.US,Bloom Energy Corp - class A
BEAM.US,Beam Therapeutics Inc
BEEM.US,Beam Global
BEKE.US,Ke Holdings Inc - class A
BEN.US,Franklin Resources Inc
BFB.US,Brown-Forman Corp
BFLY.US,Butterfly Network Inc - class A
BG.US,Bunge Ltd
BGFV.US,Big 5 Sporting Goods Corp
BGNE.US,Beigene Ltd - ADR
BGS.US,B&G Foods Inc
BHC.US,Bausch Health Cos Inc
BHF.US,Brighthouse Financial Inc
BHP.US,BHP Billiton Ltd - ADR
BIDU.US,Baidu Inc ADR  - ADR
BIG.US,Big Lots Inc
BIGC.US,BigCommerce Holdings Inc
BIIB.US,Biogen Inc
BILI.US,Bilibili Inc - ADR
BIO.US,Bio Rad Laboratories Inc - class A
BJRI.US,BJ's Restaurants Inc
BK.US,Bank of New York Mellon Corp
BKCC.US,BlackRock Capital Investment Corp
BKH.US,Black Hills Corp
BKNG.US,Booking Holdings Inc
BKR.US,Baker Hughes Co - class A
BL.US,Blackline Inc
BLDP.US,Ballard Power Systems Inc
BLI.US,Berkeley Lights Inc
BLK.US,BlackRock Inc
BLL.US,Ball Corp
BLNK.US,Blink Charging Co
BLUE.US,Bluebird Bio Inc
BMA.US,Banco Macro SA - ADR
BMBL.US,Bumble Inc - class A
BMO.US,Bank of Montreal
BMRN.US,BioMarin Pharmaceutical Inc
BMY.US,Bristol-Myers Squibb Co
BNFT.US,Benefitfocus Inc
BNGO.US,Bionano Genomics Inc
BNTX.US,BioNTech SE - ADR
BOX.US,Box Inc - class A
BP.US,BP PLC - ADR
BPMC.US,Blueprint Medicines Corp
BPOP.US,Popular Inc
BR.US,Broadridge Financial Solutions Inc
BRFS.US,BRF-Brasil Foods SA - ADR
BRG.US,Bluerock Residential Growth REIT Inc - class A
BRKA.US,Berkshire Hathaway Inc - class A
BRKB.US,Berkshire Hathaway Inc - class B
BRKS.US,Brooks Automation Inc
BSQR.US,Bsquare Corp
BSX.US,Boston Scientific Corp
BTBT.US,Bit Digital Inc
BTG.US,B2Gold Corp
BTI.US,British American Tobacco PLC - ADR
BTU.US,Peabody Energy Corp
BUD.US,Anheuser-Busch InBev SA/NV - ADR
BURL.US,Burlington Stores Inc
BVN.US,Compania de Minas Buenaventura SA - ADR
BWA.US,BorgWarner Inc
BXMT.US,Blackstone Mortgage Trust Inc - class A
BXP.US,Boston Properties Inc
BXS.US,BancorpSouth Bank
BYD.US,Boyd Gaming Corp
BYND.US,Beyond Meat Inc
BZUN.US,Baozun Inc. - ADR
C.US,Citigroup Inc
CACC.US,Credit Acceptance Corp
CAG.US,Conagra Brands Inc
CAH.US,Cardinal Health Inc
CAKE.US,Cheesecake Factory Inc
CALX.US,Calix Inc
CAMP.US,CalAmp Corp
CAN.US,Canaan Inc - ADR
CAR.US,Avis Budget Group Inc
CARA.US,Cara Therapeutics Inc
CARR.US,Carrier Global Corp
CASY.US,Casey's General Stores Inc
CAT.US,Caterpillar Inc
CB.US,Chubb Ltd
CBAT.US,CBAK Energy Technology Inc
CBD.US,Companhia Brasileira de Distribuicao - ADR
CBOE.US,Cboe Global Markets Inc
CBRE.US,CBRE Group Inc - class A
CBRL.US,Cracker Barrel Old Country Store Inc
CBSH.US,Commerce Bancshares Inc
CC.US,Chemours Co
CCEP.US,Coca-Cola Europacific Partners PLC
CCI.US,Crown Castle International Corp
CCIV.US,Churchill Capital IV Corp - class A
CCJ.US,Cameco Corp
CCK.US,Crown Holdings Inc
CCL.US,Carnival Corp
CCU.US,Compania Cervecerias Unidas SA - ADR
CCXI.US,ChemoCentryx Inc
CDE.US,Coeur Mining Inc
CDEV.US,Centennial Resource Development Inc - class A
CDK.US,CDK Global Inc
CDLX.US,Cardlytics Inc
CDNS.US,Cadence Design Systems Inc
CDW.US,CDW Corp
CE.US,Celanese Corp - class A
CELH.US,Celsius Holdings Inc
CERN.US,Cerner Corp
CETX.US,Cemtrex Inc
CF.US,CF Industries Holdings Inc
CFG.US,Citizens Financial Group Inc
CGNX.US,Cognex Corp
CHD.US,Church & Dwight Co Inc
CHE.US,Chemed Corp
CHEK.US,Check Cap Ltd
CHGG.US,Chegg Inc
CHKP.US,Check Point Software Technologies Ltd
CHL.US,China Mobile Ltd - ADR
CHNG.US,Change Healthcare Inc (Duplicate)
CHPT.US,ChargePoint Holdings Inc - class A
CHRS.US,Coherus Biosciences Inc
CHRW.US,CH Robinson Worldwide Inc
CHTR.US,Charter Communications Inc
CHWY.US,Chewy Inc - class A
CI.US,Cigna Corp
CIB.US,Bancolombia SA - ADR
CIEN.US,Ciena Corp
CIM.US,Chimera Investment Corp
CINF.US,Cincinnati Financial Corp
CIT.US,CIT Group Inc
CL.US,Colgate-Palmolive Co
CLDR.US,Cloudera Inc
CLDX.US,Celldex Therapeutics Inc
CLF.US,Cleveland-Cliffs Inc
CLI.US,Mack-Cali Realty Corp
CLNE.US,Clean Energy Fuels Corp
CLOV.US,Clover Health Investments Corp - class A
CLR.US,Continental Resources Inc
CLSK.US,CleanSpark Inc
CLSN.US,Celsion Corp
CLVS.US,Clovis Oncology Inc
CLX.US,Clorox Co
CM.US,Canadian Imperial Bank of Commerce
CMA.US,Comerica Inc
CMC.US,Commercial Metals Co
CMCSA.US,Comcast Corp
CME.US,CME Group Inc
CMG.US,Chipotle Mexican Grill Inc - class A
CMI.US,Cummins Inc
CMPS.US,Compass Pathways PLC - ADR
CMRE.US,Costamare Inc
CMS.US,CMS Energy Corp
CNC.US,Centene Corp
CNI.US,Canadian National Railway Co
CNK.US,Cinemark Holdings Inc
CNO.US,CNO Financial Group Inc
CNP.US,CenterPoint Energy Inc
CNX.US,CNX Resources Corp
CODX.US,Co-Diagnostics Inc
COF.US,Capital One Financial Corp
COG.US,Cabot Oil & Gas Corp
COHR.US,Coherent Inc
COIN.US,Coinbase Global Inc - class A
COMM.US,CommScope Holding Co Inc
CONE.US,CyrusOne Inc
COO.US,Cooper Cos Inc
COOP.US,Mr. Cooper Group Inc
COP.US,ConocoPhillips
COR.US,CoreSite Realty Corp
COST.US,Costco Wholesale Corp
COTY.US,Coty Inc - class A
COUP.US,Coupa Software Inc
COUR.US,Coursera Inc
CPA.US,Copa Holdings SA
CPB.US,Campbell Soup Co
CPE.US,Callon Petroleum Co
CPNG.US,Coupang Inc - class A
CPRI.US,Capri Holdings Ltd
CPRT.US,Copart Inc
CPS.US,Cooper-Standard Holdings Inc
CPT.US,Camden Property Trust
CPTA.US,Capitala Finance Corp
CRBP.US,Corbus Pharmaceuticals Holdings Inc
CRDF.US,Cardiff Oncology Inc
CREE.US,Cree Inc
CRI.US,Carter's Inc
CRIS.US,Curis Inc
CRL.US,Charles River Laboratories International Inc
CRM.US,salesforce.com Inc
CRON.US,Cronos Group Inc
CRSP.US,CRISPR Therapeutics AG
CRSR.US,Corsair Gaming Inc
CRTO.US,Criteo SA - ADR
CRUS.US,Cirrus Logic Inc
CRWD.US,Crowdstrike Holdings Inc - class A
CSCO.US,Cisco Systems Inc
CSGP.US,CoStar Group Inc
CSIQ.US,Canadian Solar Inc
CSL.US,Carlisle Cos Inc
CSLT.US,Castlight Health Inc - class B
CSTL.US,Castle Biosciences Inc
CSX.US,CSX Corp
CTAS.US,Cintas Corp
CTB.US,Cooper Tire & Rubber Co
CTL.US,CenturyLink Inc
CTLT.US,Catalent Inc
CTRM.US,Castor Maritime Inc
CTSH.US,Cognizant Technology Solutions - class A
CTVA.US,Corteva Inc
CTXS.US,Citrix Systems Inc
CURI.US,Curiositystream Inc. - class A
CVAC.US,CureVac N.V.
CVLT.US,CommVault Systems Inc
CVNA.US,Carvana Co - class A
CVS.US,CVS Health Corp
CVX.US,Chevron Corp
CWH.US,Camping World Holdings Inc - class A
CXO.US,Concho Resources Inc
CXW.US,CoreCivic Inc
CYBR.US,CyberArk Software Ltd
CYH.US,Community Health Systems Inc
CZR.US,Caesars Entertainment Corp
CZZ.US,Cosan Ltd - class A
D.US,Dominion Energy Inc
DADA.US,Dada Nexus Ltd - ADR
DAL.US,Delta Air Lines Inc
DAN.US,Dana Inc
DAO.US,Youdao Inc - ADR
DAR.US,Darling Ingredients Inc
DASH.US,DoorDash Inc - class A
DAVA.US,Endava PLC - ADR
DBD.US,Diebold Nixdorf Inc
DBI.US,Designer Brands Inc - class A
DBX.US,Dropbox INC. - class A
DD.US,DuPont de Nemours Inc
DDD.US,3D Systems Corp
DDOG.US,Datadog Inc - class A
DDS.US,Dillard's Inc - class A
DE.US,Deere & Co
DEA.US,Easterly Government Properties Inc
DECK.US,Deckers Outdoor Corp
DEI.US,Douglas Emmett Inc
DELL.US,Dell Technologies Inc
DFS.US,Discover Financial Services
DG.US,Dollar General Corp
DGX.US,Quest Diagnostics Inc
DHC.US,Diversified Healthcare Trust
DHI.US,DR Horton Inc
DHR.US,Danaher Corp
DHT.US,DHT Holdings Inc
DIDI.US,DiDi Global Inc - class A
DIN.US,Dine Brands Global Inc
DIS.US,Walt Disney Co
DISCA.US,Discovery Communications Inc
DISCK.US,Discovery Communications Inc
DISH.US,DISH Network Corp - class A
DK.US,Delek US Holdings Inc
DKNG.US,Draftkings Inc - class A
DKS.US,Dick's Sporting Goods Inc
DLR.US,Digital Realty Trust Inc
DLTR.US,Dollar Tree Inc
DLX.US,Deluxe Corp
DM.US,Desktop Metal Inc - class A
DMTK.US,DermTech Inc
DNMR.US,Danimer Scientific Inc - class A
DNOW.US,NOW Inc
DO.US,Diamond Offshore Drilling Inc
DOC.US,Physicians Realty Trust
DOCN.US,DigitalOcean Holdings Inc
DOCU.US,DocuSign Inc - class A
DOMO.US,Domo Inc - class B
DOV.US,Dover Corp
DOW.US,Dow Inc
DOX.US,Amdocs Ltd
DOYU.US,DouYu International Holdings Ltd - ADR
DPHC.US,Diamondpeak Holdings Corp - class A
DPZ.US,Domino's Pizza Inc
DQ.US,Daqo New Energy Corp - ADR
DRE.US,Duke Realty Corp
DRI.US,Darden Restaurants Inc
DS.US,Drive Shack Inc
DSEY.US,Diversey Holdings Ltd
DT.US,Dynatrace Inc
DTE.US,DTE Energy Co
DUK.US,Duke Energy Corp
DVA.US,DaVita Inc
DVAX.US,Dynavax Technologies Corp
DVN.US,Devon Energy Corp
DXC.US,DXC Technology Co
DXCM.US,DexCom Inc
DY.US,Dycom Industries Inc
EA.US,Electronic Arts Inc
EAF.US,GrafTech International Ltd
EAT.US,Brinker International Inc
EB.US,Eventbrite Inc - class A
EBAY.US,eBay Inc
EBC.US,Eastern Bankshares Inc
EBS.US,Emergent BioSolutions Inc
ECL.US,Ecolab Inc
ECOL.US,US Ecology Inc
ED.US,Consolidated Edison Inc
EDIT.US,Editas Medicine Inc
EDR.US,Endeavor Group Holdings Inc - class A
EDU.US,New Oriental Education & Technology Group Inc. - ADR
EFX.US,Equifax Inc
EGHT.US,8x8 Inc
EGLE.US,Eagle Bulk Shipping Inc
EGO.US,Eldorado Gold Corp
EH.US,Ehang Holdings Ltd - ADR
EHTH.US,eHealth Inc
EIDX.US,Eidos Therapeutics Inc
EIX.US,Edison International
EKSO.US,Ekso Bionics Holdings Inc
EL.US,Estee Lauder Cos Inc  - class A
ELF.US,elf Beauty Inc
ELY.US,Callaway Golf Co
EMN.US,Eastman Chemical Co
EMR.US,Emerson Electric Co
ENB.US,Enbridge Inc
ENDP.US,Endo International PLC
ENIA.US,Enel Americas SA - ADR
ENPH.US,Enphase Energy Inc
ENTA.US,Enanta Pharmaceuticals Inc
EOG.US,EOG Resources Inc
EPAM.US,EPAM Systems Inc
EPC.US,Edgewell Personal Care Co
EPR.US,EPR Properties
EQH.US,AXA Equitable Holdings Inc
EQIX.US,Equinix Inc
EQR.US,Equity Residential
EQT.US,EQT Corp
ERIC.US,Telefonaktiebolaget LM Ericsson - class B
ERII.US,Energy Recovery Inc
ERJ.US,Embraer SA - ADR
ES.US,Eversource Energy
ESPR.US,Esperion Therapeutics Inc
ESRT.US,Empire State Realty Trust Inc - class A
ESS.US,Essex Property Trust Inc
ESTC.US,Elastic NV
ETN.US,Eaton Corp PLC
ETR.US,Entergy Corp
ETSY.US,Etsy Inc
EURN.US,Euronav NV
EV.US,Eaton Vance Corp
EVBG.US,Everbridge Inc
EVOP.US,Evo Payments Inc - class A
EVRG.US,Evergy Inc
EW.US,Edwards Lifesciences Corp
EWBC.US,East West Bancorp Inc
EXAS.US,Exact Sciences Corp
EXC.US,Exelon Corp
EXEL.US,Exelixis Inc
EXK.US,Endeavour Silver Corp
EXP.US,Eagle Materials Inc
EXPD.US,Expeditors International of Washington Inc
EXPE.US,Expedia Inc
EXPO.US,Exponent Inc
EXPR.US,Express Inc
EXR.US,Extra Space Storage Inc
FAF.US,First American Financial Corp
FANG.US,Diamondback Energy Inc
FARO.US,FARO Technologies Inc
FAST.US,Fastenal Co
FATE.US,Fate Therapeutics Inc
FB.US,Facebook  - class A
FBHS.US,Fortune Brands Home & Security Inc
FBP.US,First BanCorp
FCEL.US,Fuelcell Energy Inc
FCNCA.US,First Citizens BancShares Inc (Delaware) - class A
FCX.US,Freeport-McMoRan Inc
FDS.US,FactSet Research Systems Inc
FDX.US,FedEx Corp
FE.US,FirstEnergy Corp
FEYE.US,FireEye Inc
FFIV.US,F5 Networks Inc
FHI.US,Federated Hermes Inc - class B
FHN.US,First Horizon National Corp
FICO.US,Fair Isaac Corp
FIGS.US,Figs Inc - class A
FINV.US,FinVolution Group - class A
FIS.US,Fidelity National Information Services Inc
FISV.US,Fiserv Inc
FIT.US,FitBit Inc - class A
FITB.US,Fifth Third Bancorp
FIVE.US,Five Below Inc
FIVN.US,Five9 Inc
FIXX.US,Homology Medicines Inc
FIZZ.US,National Beverage Corp
FL.US,Foot Locker Inc
FLEX.US,Flex Ltd
FLGT.US,Fulgent Genetics Inc
FLIR.US,FLIR Systems Inc
FLNG.US,FLEX LNG Ltd
FLO.US,Flowers Foods Inc
FLR.US,Fluor Corp
FLS.US,Flowserve Corp
FLT.US,FleetCor Technologies Inc
FMC.US,FMC Corp
FMX.US,Fomento Economico Mexicano - ADR
FNKO.US,Funko Inc - class A
FNV.US,Franco-Nevada Corp
FOLD.US,Amicus Therapeutics Inc
FOSL.US,Fossil Group Inc
FOUR.US,Shift4 Payments Inc - class A
FOX.US,Fox Corp - class B
FOXA.US,Fox Corp - class A
FPI.US,Farmland Partners Inc
FRC.US,First Republic Bank
FROG.US,JFrog Ltd
FRSX.US,Foresight Autonomous Holdings Ltd - ADR
FRT.US,Federal Realty Investment Trust
FSLR.US,First Solar Inc
FSLY.US,Fastly Inc - class A
FSM.US,Fortuna Silver Mines Inc
FSR.US,Fisker Inc - class A CFD
FTCH.US,Farfetch Ltd - class A
FTI.US,TechnipFMC PLC
FTNT.US,Fortinet Inc
FTS.US,Fortis Inc
FTV.US,Fortive Corp
FUBO.US,Fubotv Inc
FUTU.US,Futu Holdings Ltd - ADR
FUV.US,Arcimoto Inc
FVRR.US,Fiverr International Ltd
GAN.US,Gan Ltd
GBT.US,Global Blood Therapeutics Inc
GD.US,General Dynamics Corp
GDDY.US,GoDaddy Inc - class A
GDEN.US,Golden Entertainment Inc
GDRX.US,Goodrx Holdings Inc - class A
GE.US,General Electric Co
GEO.US,GEO Group Inc/The
GES.US,Guess? Inc
GEVO.US,Gevo Inc
GH.US,Guardant Health Inc
GHC.US,Graham Holdings Co - class B
GIB.US,CGI Inc
GIII.US,G-III Apparel Group Ltd
GILD.US,Gilead Sciences Inc
GILT.US,Gilat Satellite Networks Ltd
GIS.US,General Mills Inc
GL.US,Globe Life Inc
GLBE.US,Global-E Online Ltd
GLNG.US,Golar LNG Ltd
GLOB.US,Globant SA
GLSI.US,Greenwich Lifesciences Inc
GLUU.US,Glu Mobile Inc
GLW.US,Corning Inc
GM.US,General Motors Co
GMAB.US,Genmab A/S - ADR
GMBL.US,Esports Entertainment Group Inc
GME.US,GameStop Corp - class A
GMED.US,Globus Medical Inc - class A
GNOG.US,Golden Nugget Online Gaming Inc - class A
GNTX.US,Gentex Corp
GNUS.US,Genius Brands International Inc
GOEV.US,Canoo Inc - class A
GOGO.US,Gogo Inc
GOL.US,Gol Linhas Aereas Inteligentes SA - ADR
GOLD.US,Barrick Gold Corp
GOOGC.US,Alphabet Inc - class C
GOOGL.US,Alphabet Inc - class A
GOTU.US,GSX Techedu Inc - class A
GPC.US,Genuine Parts Co
GPN.US,Global Payments Inc
GPOR.US,Gulfport Energy Corp
GPRO.US,GoPro Inc - class A
GPS.US,Gap Inc
GRA.US,WR Grace & Co
GRMN.US,Garmin Ltd
GRPN.US,Groupon Inc
GRUB.US,GrubHub Inc
GRWG.US,GrowGeneration Corp
GS.US,Goldman Sachs Group Inc
GSKY.US,GreenSky Inc - class A
GSM.US,Ferroglobe PLC
GT.US,Goodyear Tire & Rubber Co
GTES.US,Gates Industrial Corp PLC
GTHX.US,G1 Therapeutics Inc
GTLS.US,Chart Industries Inc
GTN.US,Gray Television Inc
GTS.US,Triple-S Management Corp - class B
GTX.US,Garrett Motion Inc
GWRE.US,Guidewire Software Inc
GWW.US,WW Grainger Inc
H.US,Hyatt Hotels Corp - class A
HA.US,Hawaiian Holdings Inc
HAE.US,Haemonetics Corp
HAIN.US,Hain Celestial Group Inc
HAL.US,Halliburton Co
HALO.US,Halozyme Therapeutics Inc
HAS.US,Hasbro Inc
HBAN.US,Huntington Bancshares Inc
HBI.US,Hanesbrands Inc
HCA.US,HCA Healthcare Inc
HCAC.US,Hennessy Capital Acquisition Corp IV - class A
HCAT.US,Health Catalyst Inc
HCC.US,Warrior Met Coal Inc
HD.US,Home Depot Inc
HDB.US,HDFC Bank Ltd - ADR
HEAR.US,Turtle Beach Corp
HELE.US,Helen of Troy Ltd
HES.US,Hess Corp
HEXO.US,HEXO Corp
HFC.US,HollyFrontier Corp
HHC.US,Howard Hughes Corp
HIG.US,Hartford Financial Services Group Inc
HII.US,Huntington Ingalls Industries Inc
HIIQ.US,Health Insurance Innovations Inc - class A
HIMS.US,Hims & Hers Health Inc - class A
HIMX.US,Himax Technologies Inc - ADR
HIW.US,Highwoods Properties Inc
HL.US,Hecla Mining Co
HLF.US,Herbalife Nutrition Ltd
HLNE.US,Hamilton Lane Inc - class A
HLT.US,Hilton Worldwide Holdings Inc
HLX.US,Helix Energy Solutions Group Inc
HMC.US,Honda Motor Co Ltd - ADR
HMY.US,Harmony Gold Mining Company Ltd - ADR
HNST.US,Honest Company Inc
HOG.US,Harley-Davidson Inc
HOLX.US,Hologic Inc
HON.US,Honeywell International Inc
HOOD.US,Robinhood Markets Inc - class A
HP.US,Helmerich & Payne Inc
HPE.US,Hewlett Packard Enterprise Co
HPQ.US,HP Inc
HQY.US,HealthEquity Inc
HRB.US,H&R Block Inc
HRL.US,Hormel Foods Corp
HSIC.US,Henry Schein Inc
HST.US,Host Hotels & Resorts Inc
HSY.US,Hershey Co
HTA.US,Healthcare Trust Of America Inc - class A
HTZ.US,Hertz Global Holdings Inc
HUBB.US,Hubbell Inc - class B
HUBS.US,HubSpot Inc
HUM.US,Humana Inc
HUN.US,Huntsman Corp
HUYA.US,HUYA Inc - ADR
HVT.US,Haverty Furniture Cos Inc
HWM.US,Howmet Aerospace Inc
HXL.US,Hexcel Corp
HYLN.US,Hyliion Holdings Corp. - class A
HZNP.US,Horizon Therapeutics PLC
I.US,Intelsat SA
IAC.US,InterActiveCorp
IAG.US,Iamgold Corp
IAS.US,Integral Ad Science Holding Corp
IBKR.US,Interactive Brokers Group Inc - class A
IBM.US,International Business Machines Corp
ICE.US,Intercontinental Exchange Inc
ICPT.US,Intercept Pharmaceuticals Inc
ICUI.US,ICU Medical Inc
IDA.US,IDACORP Inc
IDCC.US,InterDigital Inc
IDEX.US,Ideanomics Inc
IDXX.US,IDEXX Laboratories Inc
IEX.US,IDEX Corp
IFF.US,International Flavors & Fragrances Inc
IGMS.US,IGM Biosciences Inc
IGT.US,International Game Technology PLC
IIPR.US,Innovative Industrial Properties Inc
IKNX.US,Ikonics Corp
ILMN.US,Illumina Inc
IMGN.US,ImmunoGen Inc
INCY.US,Incyte Corp
INFN.US,Infinera Corp
INFO.US,IHS Markit Ltd
INFY.US,Infosys Ltd - ADR
INGR.US,Ingredion Inc
INMD.US,Inmode Ltd
INO.US,Inovio Pharmaceuticals Inc
INSG.US,Inseego Corp
INSM.US,Insmed Inc
INSP.US,Inspire Medical Systems Inc
INSW.US,International Seaways Inc
INT.US,World Fuel Services Corp
INTC.US,Intel Corp
INTU.US,Intuit Inc
INVH.US,Invitation Homes Inc
IONS.US,Ionis Pharmaceuticals Inc
IOVA.US,Iovance Biotherapeutics Inc
IP.US,International Paper Co
IPG.US,Interpublic Group of Cos Inc
IPGP.US,IPG Photonics Corp
IPOB.US,Social Capital Hedosophia Holdings II Corp - class A
IPOE.US,Social Capital Hedosophia Holdings Corp. V - class A
IPOF.US,Social Capital Hedosophia Holdings Corp VI - class A
IQ.US,iQIYI Inc - ADR
IQV.US,IQVIA Holdings Inc
IR.US,Ingersoll-Rand PLC
IRBT.US,iRobot Corp
IRDM.US,Iridium Communications Inc
IRM.US,Iron Mountain Inc
IRTC.US,iRhythm Technologies Inc
ISRG.US,Intuitive Surgical Inc
IT.US,Gartner Inc
ITCI.US,Intra-Cellular Therapies Inc
ITRI.US,Itron Inc
ITRM.US,Iterum Therapeutics PLC
ITUB.US,Itau Unibanco Holding SA - ADR
ITW.US,Illinois Tool Works Inc
IVR.US,Invesco Mortgage Capital Inc
IVZ.US,Invesco Ltd
J.US,Jacobs Engineering Group Inc
JACK.US,Jack in the Box Inc
JAGX.US,Jaguar Health Inc
JAMF.US,Jamf Holding Corp.
JAZZ.US,Jazz Pharmaceuticals PLC
JBHT.US,JB Hunt Transport Services Inc
JBL.US,Jabil Inc
JBLU.US,JetBlue Airways Corp
JCI.US,Johnson Controls International plc
JCOM.US,j2 Global Inc
JD.US,JD.com Inc. - ADR
JEF.US,Jefferies Financial Group Inc
JKHY.US,Jack Henry & Associates Inc
JKS.US,JinkoSolar Holding Co Ltd - ADR
JLL.US,Jones Lang LaSalle Inc
JMIA.US,Jumia Technologies AG - ADR
JNJ.US,Johnson & Johnson
JNPR.US,Juniper Networks Inc
JPM.US,JPMorgan Chase & Co
JWN.US,Nordstrom Inc
K.US,Kellogg Co
KBH.US,KB Home
KBR.US,KBR Inc
KC.US,Kingsoft Cloud Holdings Ltd - ADR
KDP.US,Keurig Dr Pepper Inc
KEX.US,Kirby Corp
KEY.US,KeyCorp
KEYS.US,Keysight Technologies Inc
KGC.US,Kinross Gold Corp
KHC.US,Kraft Heinz Co
KIM.US,Kimco Realty Corp
KKR.US,KKR & Co LP
KL.US,Kirkland Lake Gold Ltd
KLAC.US,KLA-Tencor Corp
KMB.US,Kimberly-Clark Corp
KMI.US,Kinder Morgan Inc
KMT.US,Kennametal Inc
KMX.US,CarMax Inc
KNDI.US,Kandi Technologies Group Inc
KNSL.US,Kinsale Capital Group Inc
KNX.US,Knight-Swift Transportation Holdings Inc - class A
KO.US,Coca-Cola Co
KOD.US,Kodiak Sciences Inc
KODK.US,Eastman Kodak Co
KOS.US,Kosmos Energy Ltd
KOSS.US,Koss Corp
KPTI.US,Karyopharm Therapeutics Inc
KR.US,Kroger Co
KSS.US,Kohl's Corp
KSU.US,Kansas City Southern
KTOS.US,Kratos Defense and Security Solutions Inc
L.US,Loews Corp
LAC.US,Lithium Americas Corp
LAD.US,Lithia Motors Inc - class A
LADR.US,Ladder Capital Corp - class A
LAMR.US,Lamar Advertising Co - class A
LASR.US,nLIGHT Inc
LAZR.US,Luminar Technologies Inc - class A
LB.US,L Brands Inc
LC.US,LendingClub Corp
LCA.US,Landcadia Holdings II Inc - class A
LCID.US,Lucid Group Inc
LCII.US,LCI Industries
LDOS.US,Leidos Holdings Inc
LEA.US,Lear Corp
LECO.US,Lincoln Electric Holdings Inc
LEG.US,Leggett & Platt Inc
LEN.US,Lennar Corp
LEVI.US,Levi Strauss & Co - class A
LFMD.US,LifeMD Inc
LGND.US,Ligand Pharmaceuticals Inc
LH.US,Laboratory Corp of America Holdings
LHDX.US,Lucira Health Inc
LHX.US,L3Harris Technologies Inc
LI.US,LI Auto Inc - ADR
LII.US,Lennox International Inc
LIN.US,Linde PLC
LITE.US,Lumentum Holdings Inc
LIVN.US,LivaNova PLC
LK.US,Luckin Coffee Inc - ADR
LKCO.US,Luokung Technology Corp
LKQ.US,LKQ Corp
LLY.US,Eli Lilly & Co
LM.US,Legg Mason Inc
LMND.US,Lemonade Inc
LMT.US,Lockheed Martin Corp
LNC.US,Lincoln National Corp
LNG.US,Cheniere Energy Inc
LNT.US,Alliant Energy Corp
LOB.US,Live Oak Bancshares Inc
LOGI.US,Logitech International SA
LOGM.US,LogMeIn Inc
LOPE.US,Grand Canyon Education Inc
LOTZ.US,Carlotz Inc - class A
LOW.US,Lowe's Cos Inc
LPG.US,Dorian LPG Ltd
LPLA.US,LPL Financial Holdings Inc
LPX.US,Louisiana-Pacific Corp
LRCX.US,Lam Research Corp
LRFC.US,Logan Ridge Finance Corp
LSCC.US,Lattice Semiconductor Corp
LSTR.US,Landstar System Inc
LTC.US,LTC Properties Inc
LTHM.US,Livent Corp
LULU.US,Lululemon Athletica Inc
LUMN.US,Centurylink Inc
LUNA.US,Luna Innovations Inc
LUV.US,Southwest Airlines Co
LVS.US,Las Vegas Sands Corp
LW.US,Lamb Weston Holdings Inc
LXP.US,Lexington Realty Trust
LYB.US,LyondellBasell Industries NV
LYFT.US,Lyft Inc - class A
LYV.US,Live Nation Entertainment Inc
M.US,Macy's Inc
MA.US,Mastercard Inc  - class A
MAA.US,Mid-America Apartment Communities Inc
MAC.US,Macerich Co
MAG.US,MAG Silver Corp
MAIN.US,Main Street Capital Corp
MAN.US,ManpowerGroup Inc
MAPS.US,WM Technology Inc - class A
MAR.US,Marriott International Inc
MARA.US,Marathon Digital Holdings Inc
MARK.US,Remark Holdings Inc
MAS.US,Masco Corp
MASI.US,Masimo Corp
MAT.US,Mattel Inc
MAXN.US,Maxeon Solar Technologies Ltd
MAXR.US,Maxar Technologies Inc
MBIO.US,Mustang Bio Inc
MBRX.US,Moleculin Biotech Inc
MBT.US,Mobil'nye Telesistemy PAO - ADR
MBUU.US,Malibu Boats Inc - class A
MCD.US,McDonald's Corp
MCF.US,Contango Oil & Gas Co
MCHP.US,Microchip Technology Inc
MCK.US,McKesson Corp
MCO.US,Moody's Corp
MCRB.US,Seres Therapeutics Inc
MD.US,MEDNAX Inc
MDB.US,MongoDB Inc - class A
MDC.US,MDC Holdings Inc
MDLA.US,Medallia Inc
MDLZ.US,Mondelez International Inc - class A
MDP.US,Meredith Corp
MDRX.US,Allscripts Healthcare Solutions Inc
MDT.US,Medtronic PLC
MDU.US,MDU Resources Group Inc
MED.US,Medifast Inc
MEDP.US,Medpace Holdings Inc
MEET.US,Meet Group Inc
MELI.US,MercadoLibre Inc
MESA.US,Mesa Air Group Inc
MET.US,MetLife Inc
MFC.US,Manulife Financial Corp
MGA.US,Magna International Inc
MGI.US,MoneyGram International Inc
MGM.US,MGM Resorts International
MGNI.US,Magnite Inc
MGNX.US,MacroGenics Inc
MHK.US,Mohawk Industries Inc
MIDD.US,Middleby Corp
MILE.US,Metromile Inc
MIME.US,Mimecast Ltd
MKC.US,McCormick & Co Inc
MKL.US,Markel Corp
MKSI.US,MKS Instruments Inc
MKTX.US,MarketAxess Holdings Inc
MLCO.US,Melco Resorts & Entertainment Ltd - ADR
MLHR.US,Herman Miller Inc
MLM.US,Martin Marietta Materials Inc
MMAT.US,Meta Materials Inc
MMC.US,Marsh & McLennan Cos Inc
MMM.US,3M Co
MMS.US,MAXIMUS Inc
MMYT.US,MakeMyTrip Ltd
MNK.US,Mallinckrodt PLC
MNMD.US,Mind Medicine (MindMed) Inc
MNST.US,Monster Beverage Corp
MNTA.US,Momenta Pharmaceuticals Inc
MO.US,Altria Group Inc
MOH.US,Molina Healthcare Inc
MOMO.US,Momo Inc - ADR
MOS.US,Mosaic Co
MP.US,Mp Materials Corp - class A
MPC.US,Marathon Petroleum Corp
MPW.US,Medical Properties Trust Inc
MPWR.US,Monolithic Power Systems Inc
MRK.US,Merck & Co Inc
MRNA.US,Moderna Inc
MRO.US,Marathon Oil Corp
MRVL.US,Marvell Technology Group Ltd
MS.US,Morgan Stanley
MSCI.US,MSCI Inc - class A
MSFT.US,Microsoft Corp
MSI.US,Motorola Solutions Inc
MSM.US,MSC Industrial Direct Co Inc - class A
MSTR.US,MicroStrategy Inc - class A
MTB.US,M&T Bank Corp
MTCH.US,Match Group Inc
MTDR.US,Matador Resources Co
MTN.US,Vail Resorts Inc
MTZ.US,MasTec Inc
MU.US,Micron Technology Inc
MUR.US,Murphy Oil Corp
MUX.US,McEwen Mining Inc
MVIS.US,MicroVision Inc
MWK.US,Mohawk Group Holdings Inc
MXL.US,Maxlinear Inc
MYL.US,Mylan NV
MYOK.US,MyoKardia Inc
MYOV.US,Myovant Sciences Ltd
NAKD.US,Naked Brand Group Ltd
NAT.US,Nordic American Tanker Ltd
NAVI.US,Navient Corp
NBEV.US,New Age Beverages Corp
NBIX.US,Neurocrine Biosciences Inc
NBR.US,Nabors Industries Ltd
NCLH.US,Norwegian Cruise Line Holdings Ltd
NCMGY.US,Newcrest Mining Ltd - ADR
NCNO.US,Ncino Inc
NCR.US,NCR Corp
NDAQ.US,Nasdaq Inc
NDSN.US,Nordson Corp
NE.US,Noble Corp plc
NEE.US,NextEra Energy Inc
NEM.US,Newmont Mining Corp
NEO.US,Neogenomics Inc
NEPT.US,Neptune Wellness Solutions Inc
NET.US,Cloudflare Inc - class A
NEU.US,NewMarket Corp
NEWR.US,New Relic Inc
NFLX.US,Netflix Inc
NGA.US,Northern Genesis Acquisition Corp
NGD.US,New Gold Inc
NGG.US,National Grid PLC - ADR
NGM.US,NGM Biopharmaceuticals Inc
NHI.US,National Health Investors Inc
NI.US,NiSource Inc
NICE.US,Nice Ltd - ADR
NIO.US,NIO Inc - ADR
NIU.US,NIU Technologies - ADR
NKE.US,NIKE Inc
NKLA.US,Nikola Corporation
NKTR.US,Nektar Therapeutics - class A
NLOK.US,NortonLifeLock Inc
NLS.US,Nautilus Inc
NLSN.US,Nielsen Holdings PLC
NLY.US,Annaly Capital Management Inc
NNDM.US,Nano Dimension Ltd - ADR
NNN.US,National Retail Properties Inc
NNOX.US,Nano-X Imaging Ltd
NOC.US,Northrop Grumman Corp
NOK.US,Nokia Oyj - ADR
NOV.US,National Oilwell Varco Inc
NOW.US,ServiceNow Inc
NPA.US,New Providence Acquisition Corp - class A
NPTN.US,NeoPhotonics Corp
NRG.US,NRG Energy Inc
NRIX.US,Nurix Therapeutics Inc
NRZ.US,New Residential Investment Corp
NSC.US,Norfolk Southern Corp
NSTG.US,NanoString Technologies Inc
NTAP.US,NetApp Inc
NTCT.US,NetScout Systems Inc
NTES.US,NetEase Inc - ADR
NTLA.US,Intellia Therapeutics Inc
NTNX.US,Nutanix Inc - class A
NTR.US,Nutrien Ltd
NTRA.US,Natera Inc
NTRS.US,Northern Trust Corp
NUAN.US,Nuance Communications Inc
NUE.US,Nucor Corp
NVAX.US,Novavax Inc
NVCR.US,Novocure Ltd
NVDA.US,NVIDIA Corp
NVO.US,Novo Nordisk A/S - ADR
NVR.US,NVR Inc
NVS.US,Novartis AG - ADR
NVST.US,Envista Holdings Corp
NVTA.US,Invitae Corp
NWL.US,Newell Brands Inc
NWS.US,News Corp
NWSA.US,News Corp
NXPI.US,NXP Semiconductors NV
NXST.US,Nexstar Media Group Inc - class A
NYCB.US,New York Community Bancorp Inc
NYT.US,New York Times Co - class C
O.US,Realty Income Corp
OAS.US,Oasis Petroleum Inc
OBSV.US,Obseva SA
OC.US,Owens Corning
OCDX.US,Ortho Clinical Diagnostics Holdings PLC
OCGN.US,Ocugen Inc
ODFL.US,Old Dominion Freight Line Inc
OEC.US,Orion Engineered Carbons SA
OEG.US,Orbital Energy Group Inc
OGI.US,OrganiGram Holdings Inc
OHI.US,Omega Healthcare Investors Inc
OI.US,Owens-Illinois Inc
OII.US,Oceaneering International Inc
OIS.US,Oil States International Inc
OKE.US,ONEOK Inc
OKTA.US,Okta Inc - class A
OLED.US,Universal Display Corp
OLLI.US,Ollie's Bargain Outlet Holdings Inc
OLN.US,Olin Corp
OMC.US,Omnicom Group Inc
ON.US,ON Semiconductor Corp
ONEM.US,1Life Healthcare Inc
ONTX.US,Onconova Therapeutics Inc
OPEN.US,Opendoor Technologies Inc - class A
OPI.US,Office Properties Income Trust
OPK.US,OPKO Health Inc
OPRA.US,Opera Ltd - ADR
OR.US,Osisko Gold Royalties Ltd
ORA.US,Ormat Technologies Inc
ORCL.US,Oracle Corp
ORI.US,Old Republic International Corp
ORLY.US,O'Reilly Automotive Inc
OSB.US,Norbord Inc
OSK.US,Oshkosh Corp
OSTK.US,Overstock.com Inc
OTEX.US,Open Text Corp
OTLY.US,Oatly Group AB - ADR
OUT.US,Outfront Media Inc
OVV.US,Ovintiv Inc
OXLC.US,Oxford Lane Capital Corp
OXSQ.US,Oxford Square Capital Corp
OXY.US,Occidental Petroleum Corp
OZK.US,Bank OZK
OZON.US,Ozon Holdings PLC - ADR
PAAS.US,Pan American Silver Corp
PAC.US,Grupo Aeroportuario del Pacifico SAB de CV - ADR
PACB.US,Pacific Biosciences of California Inc
PAGS.US,Pagseguro Digital Ltd - class A
PAM.US,Pampa Energia SA - ADR
PANW.US,Palo Alto Networks Inc
PAYC.US,Paycom Software Inc
PAYX.US,Paychex Inc
PB.US,Prosperity Bancshares Inc
PBA.US,Pembina Pipeline Corp
PBCT.US,People's United Financial Inc
PBF.US,PBF Energy Inc - class A
PBI.US,Pitney Bowes Inc
PBR.US,Petroleo Brasileiro SA - ADR
PBYI.US,Puma Biotechnology Inc
PCAR.US,PACCAR Inc
PCG.US,PG&E Corp
PCH.US,Potlatchdeltic Corp
PD.US,Pagerduty Inc
PDCO.US,Patterson Cos Inc
PDD.US,Pinduoduo Inc - ADR
PE.US,Parsley Energy Inc - class A
PEAK.US,Healthpeak Properties Inc
PEG.US,Public Service Enterprise Group Inc
PEGA.US,Pegasystems Inc
PEI.US,Pennsylvania Real Estate Investment Trust
PENN.US,Penn National Gaming Inc
PEP.US,PepsiCo Inc
PFE.US,Pfizer Inc
PFG.US,Principal Financial Group Inc
PFSI.US,PennyMac Financial Services Inc
PG.US,Procter & Gamble Co
PGR.US,Progressive Corp
PH.US,Parker-Hannifin Corp
PHM.US,PulteGroup Inc
PHR.US,Phreesia Inc
PIC.US,Pivotal Investment Corporation II - class A
PII.US,Polaris Industries Inc
PING.US,Ping Identity Holding Corp
PINS.US,Pinterest Inc - class A
PK.US,Park Hotels & Resorts Inc
PKG.US,Packaging Corp of America
PKI.US,PerkinElmer Inc
PKX.US,POSCO - ADR
PLAN.US,Anaplan Inc
PLAY.US,Dave & Buster's Entertainment Inc
PLD.US,Prologis Inc
PLL.US,Piedmont Lithium Ltd - ADR
PLNT.US,Planet Fitness Inc - class A
PLTK.US,Playtika Holding Corp
PLTR.US,Palantir Technologies Inc - class A
PLUG.US,Plug Power Inc
PM.US,Philip Morris International Inc
PMT.US,PennyMac Mortgage Investment Trust
PNC.US,PNC Financial Services Group Inc
PNR.US,Pentair PLC
PNW.US,Pinnacle West Capital Corp
PODD.US,Insulet Corp
POST.US,Post Holdings Inc
PPBI.US,Pacific Premier Bancorp Inc
PPD.US,PPD Inc
PPG.US,PPG Industries Inc
PPL.US,PPL Corp
PRAH.US,PRA Health Sciences Inc
PRGO.US,Perrigo Co PLC
PRLB.US,Proto Labs Inc
PRSP.US,Perspecta Inc
PRU.US,Prudential Financial Inc
PSA.US,Public Storage
PSEC.US,Prospect Capital Corp
PSFE.US,Paysafe Ltd
PSN.US,Parsons Corp
PSNL.US,Personalis Inc
PSTG.US,Pure Storage Inc - class A
PSTH.US,Pershing Square Tontine Holdings Ltd - class A
PSX.US,Phillips 66
PTC.US,PTC Inc
PTCT.US,PTC Therapeutics Inc
PTEN.US,Patterson-UTI Energy Inc
PTGX.US,Protagonist Therapeutics Inc
PTN.US,Palatin Technologies Inc
PTON.US,Peloton Interactive Inc - class A
PTR.US,PetroChina Co Ltd - ADR
PTRA.US,Proterra Inc
PUBM.US,PubMatic Inc - class A
PVG.US,Pretium Resources Inc
PVH.US,PVH Corp
PWR.US,Quanta Services Inc
PXD.US,Pioneer Natural Resources Co
PYPL.US,PayPal Holdings Inc
PZZA.US,Papa John's International Inc
QCOM.US,QUALCOMM Inc
QD.US,Qudian Inc - ADR
QFIN.US,360 DigiTech Inc - ADR
QGEN.US,QIAGEN NV
QLYS.US,Qualys Inc
QRTEA.US,Qurate Retail Inc
QRVO.US,Qorvo Inc
QS.US,Quantumscape Corp - class A
QSR.US,Restaurant Brands International Inc
QTT.US,Qutoutiao Inc - ADR
QUAD.US,Quad/Graphics Inc - class A
R.US,Ryder System Inc
RACE.US,Ferrari NV
RADA.US,Rada Electronic Industries Ltd
RBLX.US,Roblox Corp - class A
RCII.US,Rent-A-Center Inc
RCKT.US,Rocket Pharmaceuticals Inc
RCL.US,Royal Caribbean Cruises Ltd
RCUS.US,Arcus Biosciences Inc
RDFN.US,Redfin Corp
RDUS.US,Radius Health Inc
RE.US,Everest Re Group Ltd
REAL.US,RealReal Inc
REG.US,Regency Centers Corp
REGN.US,Regeneron Pharmaceuticals Inc
REKR.US,Rekor Systems Inc
REZI.US,Resideo Technologies Inc
RF.US,Regions Financial Corp
RGA.US,Reinsurance Group of America I - class A
RGEN.US,Repligen Corp
RGLD.US,Royal Gold Inc
RGNX.US,Regenxbio Inc
RGR.US,Sturm Ruger & Company Inc
RH.US,RH
RHI.US,Robert Half International Inc
RHP.US,Ryman Hospitality Properties Inc
RIDE.US,Lordstown Motors Corp - class A
RIG.US,Transocean Ltd
RIGL.US,Rigel Pharmaceuticals Inc
RIO.US,Rio Tinto PLC - ADR
RIOT.US,Riot Blockchain Inc
RJF.US,Raymond James Financial Inc
RKT.US,Rocket Companies Inc - class A
RL.US,Polo Ralph Lauren Corp  - class A
RLAY.US,Relay Therapeutics Inc
RLGY.US,Realogy Holdings Corp
RMBS.US,Rambus Inc
RMD.US,ResMed Inc
RMO.US,Romeo Power Inc - class A
RNG.US,RingCentral Inc  - class A
RNR.US,RenaissanceRe Holdings Ltd
ROK.US,Rockwell Automation Inc
ROKU.US,Roku Inc - class A
ROL.US,Rollins Inc
ROOT.US,Root Inc - class A
ROP.US,Roper Technologies Inc
ROST.US,Ross Stores Inc
RPM.US,RPM International Inc
RPRX.US,Royalty Pharma PLC - class A
RRC.US,Range Resources Corp
RRD.US,RR Donnelley & Sons Co
RS.US,Reliance Steel & Aluminum Co
RSG.US,Republic Services Inc - class A
RTX.US,Raytheon Technologies Corp
RUN.US,Sunrun Inc
RVLV.US,Revolve Group Inc - class A
RY.US,Royal Bank of Canada
SABR.US,Sabre Corp
SAGE.US,Sage Therapeutics Inc
SAM.US,Boston Beer Company Inc - class A
SATS.US,EchoStar Corp - class A
SAVA.US,Cassava Sciences Inc
SAVE.US,Spirit Airlines Inc
SBAC.US,SBA Communications Corp - class A
SBE.US,Switchback Energy Acquisition Corp - class A
SBGI.US,Sinclair Broadcast Group Inc  - class A
SBLK.US,Star Bulk Carriers Corp
SBNY.US,Signature Bank
SBSW.US,Sibanye Stillwater Ltd - ADR
SBUX.US,Starbucks Corp
SCCO.US,Southern Copper Corp
SCHW.US,Charles Schwab Corp
SCI.US,Service Corp International
SCPL.US,Sciplay Corp - class A
SDC.US,SmileDirectClub Inc - class A
SDGR.US,Schrodinger Inc
SE1.US,Sea Ltd - class A
SEDG.US,SolarEdge Technologies Inc
SEE.US,Sealed Air Corp
SEIC.US,SEI Investments Co
SELB.US,Selecta Biosciences Inc
SESN.US,Sesen Bio Inc
SF.US,Stifel Financial Corp
SFIX.US,Stitch Fix Inc  - class A
SFM.US,Sprouts Farmers Market Inc
SGEN.US,Seattle Genetics Inc
SGH.US,Smart Global Holdings Inc
SGMO.US,Sangamo Therapeutics Inc
SGMS.US,Scientific Games Corp
SGRY.US,Surgery Partners Inc
SHAK.US,Shake Shack Inc - class A
SHLS.US,Shoals Technologies Group Inc - class A
SHOP.US,Shopify Inc. - class A
SHW.US,Sherwin-Williams Co
SI.US,Silvergate Capital Corp - class A
SIG.US,Signet Jewelers Ltd
SII.US,Sprott Inc
SIMO.US,Silicon Motion Technology Corp - ADR - ADR
SIRI.US,Sirius XM Holdings Inc
SIVB.US,SVB Financial Group
SIX.US,Six Flags Entertainment Corp
SJI.US,South Jersey Industries Inc
SJM.US,JM Smucker Co
SJR.US,Shaw Communications Inc
SKIN.US,Beauty Health Co - class A
SKLZ.US,Skillz Inc - class A
SKT.US,Tanger Factory Outlet Centers Inc
SKX.US,Skechers USA Inc - class A
SLB.US,Schlumberger Ltd
SLDB.US,Solid Biosciences Inc
SLG.US,SL Green Realty Corp
SLM.US,SLM Corp
SLP.US,Simulations Plus Inc
SM.US,SM Energy Co
SMAR.US,Smartsheet Inc - class A
SMFG.US,Sumitomo Mitsui Financial Group Inc - ADR
SMG.US,Scotts Miracle-Gro Co
SNA.US,Snap-on Inc
SNAP.US,Snap Inc. - class A
SNDL.US,Sundial Growers Inc
SNE.US,Sony Corp - ADR
SNOW.US,Snowflake Inc - class A
SNP.US,China Petroleum & Chemical Corp - ADR
SNPS.US,Synopsys Inc
SNV.US,Synovus Financial Corp
SNY.US,Sanofi SA - ADR
SO.US,Southern Co
SOFI.US,SoFi Technologies Inc
SOI.US,Solaris Oilfield Infrastructure Inc - class A
SOL.US,ReneSola Ltd - ADR
SOLO.US,Electrameccanica Vehicles Corp
SON.US,Sonoco Products Co
SONO.US,Sonos Inc
SONY.US,Sony Group Corp - ADR
SOS.US,Sos Ltd - class A
SPAQ1.US,Spartan Acquisition Corp. III
SPCE.US,Virgin Galactic Holdings Inc
SPG.US,Simon Property Group Inc
SPGI.US,S&P Global Inc
SPI.US,SPI Energy Co Ltd
SPLK.US,Splunk Inc
SPOT.US,Spotify Technology SA
SPR.US,Spirit AeroSystems Holdings Inc - class A
SPT.US,Sprout Social Inc - class A
SPTN.US,SpartanNash Co
SPWR.US,SunPower Corp
SQ.US,Square Inc - class A
SQM.US,Sociedad Quimica y Minera de Chile S.A. - ADR
SRAC.US,Stable Road Acquisition Corp - class A
SRCL.US,Stericycle Inc
SRE.US,Sempra Energy
SRG.US,Seritage Growth Properties - class A
SRNE.US,Sorrento Therapeutics Inc
SRPT.US,Sarepta Therapeutics Inc
SRRK.US,Scholar Rock Holding Corp
SSL.US,Sasol Ltd - ADR
SSNC.US,SS&C Technologies Holdings Inc
SSPK.US,Silver Spike Acquisition Corp - class A
SSRM.US,SSR Mining Inc
SSYS.US,Stratasys Ltd
STAA.US,STAAR Surgical Co
STAG.US,STAG Industrial Inc
STEM.US,Stem Inc
STLD.US,Steel Dynamics Inc
STM.US,STMicroelectronics NV - ADR
STMP.US,Stamps.com Inc
STNE.US,StoneCo Ltd - class A
STNG.US,Scorpio Tankers Inc
STOK.US,Stoke Therapeutics Inc
STOR.US,STORE Capital Corp
STPK.US,Star Peak Energy Transition Corp - class A
STT.US,State Street Corp
STX.US,Seagate Technology PLC
STZ.US,Constellation Brands Inc - class A
SU.US,Suncor Energy Inc
SUMO.US,Sumo Logic Inc
SUNW.US,Sunworks Inc
SUP.US,Superior Industries International Inc
SURF.US,Surface Oncology Inc
SVC.US,Service Properties Trust
SVM.US,Silvercorp Metals Inc
SWAV.US,Shockwave Medical Inc
SWBI.US,Smith & Wesson Brands Inc
SWCH.US,Switch Inc - class A
SWI.US,SolarWinds Corp
SWIR.US,Sierra Wireless Inc
SWK.US,Stanley Black & Decker Inc
SWKS.US,Skyworks Solutions Inc
SWN.US,Southwestern Energy Co
SYF.US,Synchrony Financial
SYK.US,Stryker Corp
SYNA.US,Synaptics Inc
SYY.US,Sysco Corp
T.US,AT&T Inc
TAL.US,TAL Education Group - ADR
TAP.US,Molson Coors Brewing Co - class B
TBIO.US,Translate Bio Inc
TCDA.US,Tricida Inc
TCMD.US,Tactile Systems Technology Inc
TCPC.US,BlackRock TCP Capital Corp
TD.US,Toronto-Dominion Bank
TDC.US,Teradata Corp
TDG.US,TransDigm Group Inc
TDOC.US,Teladoc Inc
TDS.US,Telephone & Data Systems Inc
TEAM.US,Atlassian Corp PLC - class A
TECD.US,Tech Data Corp
TECH.US,Bio-Techne Corp
TECK.US,Teck Resources Ltd - class B
TEL.US,TE Connectivity Ltd
TELL.US,Tellurian Inc
TEN.US,Tenneco Inc
TER.US,Teradyne Inc
TEVA.US,Teva Pharmaceutical ADR  - ADR
TEX.US,Terex Corp
TFC.US,Truist Financial Corp
TFX.US,Teleflex Inc
TGI.US,Triumph Group Inc
TGNA.US,TEGNA Inc
TGS.US,Transportadora de Gas del Sur - ADR
TGT.US,Target Corp
TGTX.US,TG Therapeutics Inc
THC.US,Tenet Healthcare Corp
THCB.US,Tuscan Holdings Corp
THG.US,Hanover Insurance Group Inc
THO.US,Thor Industries Inc
THS.US,TreeHouse Foods Inc
TIF.US,Tiffany & Co
TIGR.US,UP Fintech Holding Ltd - class A
TJX.US,TJX Cos Inc
TK.US,Teekay Corp
TKR.US,Timken Co
TLK.US,Telekomunikasi Indonesia Persero Tbk PT - ADR
TLND.US,Talend SA - ADR
TLRY.US,Tilray Inc
TLS.US,Telos Corp
TM.US,Toyota Motor Corp - ADR
TME.US,Tencent Music Entertainment Group - ADR
TMO.US,Thermo Fisher Scientific Inc
TMUS.US,T-Mobile US Inc
TNDM.US,Tandem Diabetes Care Inc
TNK.US,Teekay Tankers Ltd - class A
TNL.US,Travel + Leisure Co
TNXP.US,Tonix Pharmaceuticals Holding Corp
TOL.US,Toll Brothers Inc
TOT.US,Total SE - ADR
TPGY.US,TPG Pace Beneficial Finance Corp. - class A
TPL.US,Texas Pacific Land Trust
TPR.US,Tapestry Inc
TPX.US,Tempur Sealy International Inc
TRCH.US,Torchlight Energy Resources Inc
TREE.US,LendingTree Inc
TREX.US,Trex Co Inc
TRGP.US,Targa Resources Corp
TRIL.US,Trillium Therapeutics Inc
TRIP.US,TripAdvisor Inc
TRMB.US,Trimble Inc
TRN.US,Trinity Industries Inc
TROW.US,T Rowe Price Group Inc
TROX.US,Tronox Holdings PLC
TRQ.US,Turquoise Hill Resources Ltd
TRST.US,TrustCo Bank Corp NY
TRU.US,TransUnion
TRV.US,Travelers Cos Inc
TRVG.US,Trivago NV - ADR
TRVN.US,Trevena Inc
TS.US,Tenaris SA - ADR
TSCO.US,Tractor Supply Co
TSE.US,Trinseo SA
TSG.US,Stars Group Inc
TSLA.US,Tesla Inc
TSM.US,Taiwan Semiconductor Manufacuring Company Ltd - ADR
TSN.US,Tyson Foods Inc - class A
TT.US,Trane Technologies PLC
TTC.US,Toro Co
TTCF.US,Tattooed Chef Inc - class A
TTD.US,Trade Desk Inc - class A
TTE.US,TotalEnergies SE - ADR
TTM.US,Tata Motors Ltd - ADR
TTWO.US,Take-Two Interactive Software Inc
TUFN.US,Tufin Software Technologies Ltd
TUP.US,Tupperware Brands Corp
TV.US,Grupo Televisa SA - ADR
TW.US,Tradeweb Markets Inc - class A
TWLO.US,Twilio Inc - class A
TWOU.US,2U Inc
TWST.US,Twist Bioscience Corp
TWTR.US,Twitter Inc
TX.US,Ternium SA - ADR
TXN.US,Texas Instruments Inc
TXT.US,Textron Inc
TYL.US,Tyler Technologies Inc
U.US,Unity Software Inc
UA.US,Under Armour Inc Class C
UAA.US,Under Armour Inc - class A
UAL.US,United Continental Holdings Inc
UBER.US,Uber Technologies Inc
UBX.US,UNITY Biotechnology Inc
UDR.US,UDR Inc
UEC.US,Uranium Energy Corp
UFPI.US,Ufp Industries Inc
UFS.US,Domtar Corp
UGI.US,UGI Corp
UHS.US,Universal Health Services Inc
UI.US,Ubiquiti Inc
UL.US,Unilever PLC - ADR
ULTA.US,Ulta Beauty Inc
UMC.US,United Microelectronics Corp - ADR
UMPQ.US,Umpqua Holdings Corp
UNFI.US,United Natural Foods Inc
UNH.US,UnitedHealth Group Inc
UNIT.US,Uniti Group Inc
UNM.US,Unum Group
UNP.US,Union Pacific Corp
UPS.US,United Percel Service Inc  - class B
UPST.US,Upstart Holdings Inc
UPWK.US,Upwork Inc
URBN.US,Urban Outfitters Inc
URI.US,United Rentals Inc
USB.US,US Bancorp
USFD.US,US Foods Holding Corp
UTHR.US,United Therapeutics Corp
UTX.US,United Technologies Corp
UUUU.US,Energy Fuels Inc/Canada
UWMC.US,UWM Holdings Corp - class A
UXIN.US,Uxin Ltd - ADR
V.US,Visa INC - class A
VAC.US,Marriott Vacations Worldwide Corp
VAL.US,Valaris plc - class A
VALE.US,Vale SA - class B / ADR
VBIV.US,VBI Vaccines Inc
VC.US,Visteon Corp
VEDL.US,Vedanta Ltd - ADR
VEEV.US,Veeva Systems Inc - class A
VER.US,VEREIT Inc
VERI.US,Veritone Inc
VET.US,Vermilion Energy Inc
VFC.US,VF Corp
VFF.US,Village Farms International Inc
VGAC.US,VG Acquisition Corp - class A
VIAC.US,ViacomCBS Inc - class B
VIEW.US,View Inc - class A
VIOT.US,Viomi Technology Co Ltd - ADR
VIPS.US,Vipshop Holdings Ltd - ADR
VIR.US,Vir Biotechnology Inc
VIRT.US,Virtu Financial Inc - class A
VITL.US,Vital Farms Inc
VIV.US,Telefonica Brasil - ADR
VIVE.US,Viveve Medical Inc
VKTX.US,Viking Therapeutics Inc
VLO.US,Valero Energy Corp
VMC.US,Vulcan Materials Co
VMW.US,VMware Inc - class A
VNE.US,Veoneer Inc
VNO.US,Vornado Realty Trust
VNTR.US,Venator Materials PLC
VOR.US,Vor Biopharma Inc
VOYA.US,Voya Financial Inc
VRM.US,Vroom Inc
VRNS.US,Varonis Systems Inc
VRSK.US,Verisk Analytics Inc - class A
VRSN.US,VeriSign Inc
VRT.US,Vertiv Holdings Co - class A
VRTU.US,Virtusa Corp
VRTX.US,Vertex Pharmaceuticals Inc
VSAT.US,ViaSat Inc
VSH.US,Vishay Intertechnology Inc
VST.US,Vistra Energy Corp
VSTO.US,Vista Outdoor Inc
VTR.US,Ventas Inc
VTRS.US,Viatris Inc
VUZI.US,Vuzix Corp
VXRT.US,Vaxart Inc
VZ.US,Verizon Communications Inc
W.US,Wayfair Inc - class A
WAB.US,Wabtec Corp
WAT.US,Waters Corp
WB.US,Weibo Corp. - ADR
WBA.US,Walgreens Boots Alliance Inc
WCC.US,Wesco International Inc
WCN.US,Waste Connections Inc
WD.US,Walker & Dunlop Inc
WDAY.US,Workday Inc - class A
WDC.US,Western Digital Corp
WDR.US,Waddell & Reed Financial Inc
WEC.US,WEC Energy Group Inc
WELL.US,Welltower Inc
WEN.US,Wendy's Co
WERN.US,Werner Enterprises Inc
WETF.US,WisdomTree Investments Inc
WEX.US,WEX Inc
WFC.US,Wells Fargo & Co
WGO.US,Winnebago Industries Inc
WHR.US,Whirlpool Corp
WIMI.US,WiMi Hologram Cloud Inc - ADR
WISH.US,ContextLogic Inc - class A
WIX.US,Wix.com Ltd
WKHS.US,Workhorse Group Inc
WLK.US,Westlake Chemical Corp
WLL.US,Whiting Petroleum Corp
WLTW.US,Willis Towers Watson PLC
WM.US,Waste Management Inc
WMB.US,Williams Cos Inc
WMG.US,Warner Music Group Corp - class A
WMT.US,Walmart Inc
WOOF.US,Petco Health and Wellness Company Inc - class A
WPC.US,WP Carey Inc
WPF.US,Foley Trasimene Acquisition Corp - class A
WPG.US,Washington Prime Group Inc
WPM.US,Wheaton Precious Metals Corp
WPX.US,WPX Energy Inc
WRAP.US,Wrap Technologies Inc
WRB.US,WR Berkley Corp
WRI.US,Weingarten Realty Investors
WRK.US,WestRock Co
WRTC.US,Wrap Technologies Inc
WSM.US,Williams-Sonoma Inc
WSO.US,Watsco Inc
WST.US,West Pharmaceutical Services Inc
WTR.US,Essential Utilities Inc
WTRG.US,Essential Utilities Inc
WTRH.US,Waitr Holdings Inc
WU.US,Western Union Co
WUBA.US,58.com Inc - ADR
WVE.US,WAVE Life Sciences Ltd
WW.US,Weight Watchers International Inc
WWD.US,Woodward Inc
WWE.US,World Wrestling Entertainment Inc - class A
WWR.US,Westwater Resources Inc
WY.US,Weyerhaeuser Co
WYND.US,Wyndham Destinations Inc
WYNN.US,Wynn Resorts Ltd
X.US,United States Steel Corp
XAN.US,Exantas Capital Corp - REIT
XEC.US,Cimarex Energy Co
XEL.US,Xcel Energy Inc
XELA.US,Exela Technologies Inc
XL.US,XL Group Ltd
XLNX.US,Xilinx Inc
XM.US,Qualtrics International Inc - class A
XOM.US,Exxon Mobil Corp
XP.US,Xp Inc - class A
XPEL.US,Xpel Inc
XPER.US,Xperi Holding Corp
XPEV.US,Unable to resolve and collect data for all requested identifiers and fields. - ADR
XPO.US,XPO Logistics Inc
XRAY.US,DENTSPLY SIRONA Inc
XRX.US,Xerox Corp
XSPA.US,XpresSpa Group Inc
XYL.US,Xylem Inc
YALA.US,Yalla Group Ltd - class A
YCBD.US,cbdMD Inc
YELP.US,Yelp Inc - class A
YEXT.US,Yext Inc
YI.US,111 Inc - ADR
YNDX.US,Yandex NV - class A
YPF.US,YPF Sociedad Anonima - ADR
YQ.US,17 Education & Technology Group Inc - ADR
YRD.US,Yirendai Ltd - ADR
YSG.US,Yatsen Holding Ltd - ADR
YUM.US,Yum! Brands Inc
YUMC.US,Yum China Holdings Inc
YY.US,YY Inc. - ADR
Z.US,Zillow Group Inc - class C
ZBH.US,Zimmer Biomet Holdings Inc
ZBRA.US,Zebra Technologies Corp
ZEN.US,Zendesk Inc
ZIM.US,ZIM Integrated Shipping Services Ltd
ZION.US,Zions Bancorporation
ZM.US,Zoom Video Communications Inc - class A
ZNGA.US,Zynga Inc - class A
ZS.US,Zscaler Inc
ZTO.US,ZTO Express Cayman Inc - ADR
ZTS.US,Zoetis Inc - class A
ZUO.US,Zuora Inc - class A
ZYNE.US,Zynerba Pharmaceuticals Inc
ZYXI.US,Zynex Inc
